{
  "project_info": {
    "project_number": "461598522421",
    "firebase_url": "https://push-up-app-data.firebaseio.com",
    "project_id": "push-up-app-data",
    "storage_bucket": "push-up-app-data.appspot.com"
  },
  "client": [
    {
      "client_info": {
        "mobilesdk_app_id": "1:461598522421:android:d2ea85af2fe9eb65",
        "android_client_info": {
          "package_name": "com.example.proxsensor"
        }
      },
      "oauth_client": [
        {
          "client_id": "461598522421-05lq0ft88oj40kih36qrtvu7suik3o45.apps.googleusercontent.com",
          "client_type": 1,
          "android_info": {
            "package_name": "com.example.proxsensor",
            "certificate_hash": "f2159c11baca9fe68cdfb57fa3f250090704890d"
          }
        },
        {
          "client_id": "461598522421-a99d2sukk53nujpjafke2pshdiqv16kc.apps.googleusercontent.com",
          "client_type": 3
        }
      ],
      "api_key": [
        {
          "current_key": "AIzaSyAJ-NWIJRCLrIqg6QBiylV-YAHCzVAdETI"
        }
      ],
      "services": {
        "appinvite_service": {
          "other_platform_oauth_client": [
            {
              "client_id": "461598522421-a99d2sukk53nujpjafke2pshdiqv16kc.apps.googleusercontent.com",
              "client_type": 3
            }
          ]
        }
      }
    }
  ],
  "configuration_version": "1"
}